{
  "rules": [
    {
      "id": "RULE_001_CONTRADICTION",
      "brain": "B1_Legal",
      "description": "Detects if a new statement contradicts a previous one from the same actor.",
      "logic": {
        "type": "all",
        "conditions": [
          { "field": "actor", "op": "eq", "ref": "last_actor" },
          { "field": "timestamp", "op": "overlaps", "ref": "last_timestamp" },
          { "field": "statement", "op": "contradicts", "ref": "last_statement" }
        ]
      },
      "severity": "CRITICAL",
      "action": "FLAG_AND_FREEZE",
      "recovery": ["review_statement_history", "request_clarification"]
    },
    {
      "id": "RULE_002_MISSING_SOURCE",
      "brain": "B2_Forensic",
      "description": "Flags if a document hash is provided but no source context is given.",
      "logic": {
        "type": "all",
        "conditions": [
          { "field": "document_hash", "op": "neq", "value": null },
          { "field": "source_context", "op": "missing", "value": true }
        ]
      },
      "severity": "HIGH",
      "action": "WARN",
      "recovery": ["request_metadata", "request_origin_statement"]
    },
    {
      "id": "RULE_003_FINANCIAL_OUTLIER",
      "brain": "B3_Financial",
      "description": "Flags unusual financial amounts.",
      "logic": {
        "type": "all",
        "conditions": [
          { "field": "amount", "op": "outlier", "ref": "average_transaction_amount" }
        ]
      },
      "severity": "MEDIUM",
      "action": "FLAG",
      "recovery": ["request_proof_of_funds", "cross_reference_accounts"]
    },
    {
      "id": "RULE_004_VOICE_MISMATCH",
      "brain": "B4_Behavioral",
      "description": "Flags if the current voiceprint does not match the expected voiceprint for the actor.",
      "logic": {
        "type": "all",
        "conditions": [
          { "field": "voiceprint", "op": "neq", "ref": "expected_voiceprint" },
          { "field": "voiceprint", "op": "neq", "value": null }
        ]
      },
      "severity": "CRITICAL",
      "action": "FLAG_AND_FREEZE",
      "recovery": ["biometric_reverification", "escalate_to_human"]
    },
    {
      "id": "RULE_005_UNKNOWN_CATEGORY",
      "brain": "B9_RnD_Advisory",
      "description": "Flags statements categorized as unknown or novel by the R&D brain.",
      "logic": {
        "type": "all",
        "conditions": [
          { "field": "category", "op": "eq", "value": "unknown" }
        ]
      },
      "severity": "LOW",
      "action": "LOG_AND_ANALYZE",
      "recovery": ["update_model_training", "human_review_for_novelty"]
    },
    {
      "id": "retail-scan-vision-mismatch-1",
      "brain": "B10_Security_Retail",
      "description": "POS class vs vision class mismatch within sync window",
      "logic": { "type": "all", "conditions": [
        { "field": "pos_top_class", "op": "neq", "ref": "vision_top_class" },
        { "field": "sync_delta_ms", "op": "lt", "value": 2000 }
      ]},
      "severity": "HIGH", "action": "FLAG",
      "recovery": [{ "step":"replay_clip_6s" },{ "step":"staff_ack_required"}]
    },
    {
      "id": "retail-open-plu-when-barcode-present-1",
      "brain": "B10_Security_Retail",
      "description": "Open price used while vision sees barcoded class",
      "logic": { "type": "all", "conditions": [
        { "field": "pos_top_class", "op": "eq", "value": "open_plu" },
        { "field": "vision_has_barcoded_class", "op": "eq", "value": true }
      ]},
      "severity": "HIGH", "action": "FLAG"
    },
    {
      "id": "retail-no-sale-drawer-open-1",
      "brain": "B10_Security_Retail",
      "description": "Drawer opened without sale; repeated",
      "logic": { "type": "all", "conditions": [
        { "field":"event_type", "op":"eq", "value":"NO_SALE" },
        { "field":"drawer_open", "op":"eq", "value": true },
        { "field":"repeats_15m", "op":"gt", "value": 2 }
      ]},
      "severity": "HIGH", "action": "FLAG_AND_FREEZE",
      "recovery": [{ "step":"seal_incident_pdf" },{ "step":"manager_notify"}]
    },
    {
      "id": "retail-cabinet-miss-1",
      "brain": "B10_Security_Retail",
      "description": "Restricted cabinet take with no POS match in window",
      "logic": { "type": "all", "conditions": [
        { "field":"cabinet_take_detected", "op":"eq", "value": true },
        { "field":"pos_match_in_window", "op":"eq", "value": false }
      ]},
      "severity": "CRITICAL", "action": "FLAG_AND_ESCALATE"
    },
    {
      "id": "retail-fuel-auth-miss-1",
      "brain": "B10_Security_Retail",
      "description": "Fuel authorized but not captured at POS; repeated",
      "logic": { "type": "all", "conditions": [
        { "field":"fuel_authorized", "op":"eq", "value": true },
        { "field":"fuel_sale_captured", "op":"eq", "value": false },
        { "field":"repeats_60m", "op":"gt", "value": 1 }
      ]},
      "severity": "HIGH", "action": "FLAG"
    }
  ]
}