{
  "hosting": {
    "public": "web",
    "ignore": [
      "firebase.json",
      "**/.*",
      "**/node_modules/**",
      "functions/**",
      "capacitor-app/**"
    ],
    "headers": [
      {
        "source": "**/*.@(html|js|css|json)",
        "headers": [
          {
            "key": "Cache-Control",
            "value": "no-cache, no-store, must-revalidate"
          },
          {
            "key": "Pragma",
            "value": "no-cache"
          },
          {
            "key": "Expires",
            "value": "0"
          }
        ]
      },
      {
        "source": "assets/**",
        "headers": [
          {
            "key": "Cache-Control",
            "value": "public, max-age=3600"
          }
        ]
      }
    ],
    "redirects": [
      {
        "source": "/verify.html",
        "destination": "/chat.html?mode=verify",
        "type": 301
      },
      {
        "source": "/tax.html",
        "destination": "/chat.html?mode=tax",
        "type": 301
      },
      {
        "source": "/institutions.html",
        "destination": "/index.html#institutions",
        "type": 301
      }
    ],
    "rewrites": [
      {
        "source": "/api{,/**}",
        "function": "api"
      },
      {
        "source": "/",
        "destination": "/index.html"
      },
      {
        "source": "/chat",
        "destination": "/chat.html"
      },
      {
        "source": "/chat/**",
        "destination": "/chat.html"
      },
      {
        "source": "/institutions-live",
        "destination": "/institutions-live.html"
      }
    ]
  },
  "functions": {
    "source": "functions",
    "runtime": "nodejs20",
    "codebase": "default",
    "ignore": [
      "*.test.*"
    ],
    "maxInstances": 2,
    "memory": "512MiB",
    "concurrency": 80,
    "entryPoints": [
      "api",
      "voEmailRelay",
      "updateLiveStats",
      "voRetailRelay"
    ],
    "env": {
      "BQ_DATASET": "vo_fraud",
      "BQ_TABLE": "events",
      "BQ_RETAIL": "retail_incidents"
    }
  }
}